"{'links': {'self': 'http://www.neowsapp.com/rest/v1/neo/3754386?api_key=T37yOH5Ncj3JKDu9txRWw2wEKgAeghI1JX2HRqZb'}, 'id': '3754386', 'neo_reference_id': '3754386', 'name': '(2016 NV)', 'nasa_jpl_url': 'http://ssd.jpl.nasa.gov/sbdb.cgi?sstr=3754386', 'absolute_magnitude_h': 19.7, 'estimated_diameter': {'kilometers': {'estimated_diameter_min': 0.3051792326, 'estimated_diameter_max': 0.6824015094}, 'meters': {'estimated_diameter_min': 305.1792325939, 'estimated_diameter_max': 682.4015094011}, 'miles': {'estimated_diameter_min': 0.1896295249, 'estimated_diameter_max': 0.4240245083}, 'feet': {'estimated_diameter_min': 1001.2442334633, 'estimated_diameter_max': 2238.8501681036}}, 'is_potentially_hazardous_asteroid': True, 'close_approach_data': [{'close_approach_date': '2016-07-05', 'close_approach_date_full': '2016-Jul-05 13:40', 'epoch_date_close_approach': 1467726000000, 'relative_velocity': {'kilometers_per_second': '9.0465464012', 'kilometers_per_hour': '32567.567044365', 'miles_per_hour': '20236.2196448722'}, 'miss_distance': {'astronomical': '0.3767797748', 'lunar': '146.5673323972', 'kilometers': '56365451.769159676', 'miles': '35023867.6510324888'}, 'orbiting_body': 'Earth'}], 'is_sentry_object': False}","
","{'links': {'self': 'http://www.neowsapp.com/rest/v1/neo/3776300?api_key=T37yOH5Ncj3JKDu9txRWw2wEKgAeghI1JX2HRqZb'}, 'id': '3776300', 'neo_reference_id': '3776300', 'name': '(2017 NK)', 'nasa_jpl_url': 'http://ssd.jpl.nasa.gov/sbdb.cgi?sstr=3776300', 'absolute_magnitude_h': 21.2, 'estimated_diameter': {'kilometers': {'estimated_diameter_min': 0.1529519353, 'estimated_diameter_max': 0.3420109247}, 'meters': {'estimated_diameter_min': 152.9519353442, 'estimated_diameter_max': 342.0109247198}, 'miles': {'estimated_diameter_min': 0.095039897, 'estimated_diameter_max': 0.2125156703}, 'feet': {'estimated_diameter_min': 501.8108275547, 'estimated_diameter_max': 1122.0831222578}}, 'is_potentially_hazardous_asteroid': True, 'close_approach_data': [{'close_approach_date': '2016-07-05', 'close_approach_date_full': '2016-Jul-05 13:06', 'epoch_date_close_approach': 1467723960000, 'relative_velocity': {'kilometers_per_second': '17.0938160812', 'kilometers_per_hour': '61537.7378923376', 'miles_per_hour': '38237.1571920472'}, 'miss_distance': {'astronomical': '0.4178445485', 'lunar': '162.5415293665', 'kilometers': '62508654.446711695', 'miles': '38841076.788523591'}, 'orbiting_body': 'Earth'}], 'is_sentry_object': False}","
","{'links': {'self': 'http://www.neowsapp.com/rest/v1/neo/2164202?api_key=T37yOH5Ncj3JKDu9txRWw2wEKgAeghI1JX2HRqZb'}, 'id': '2164202', 'neo_reference_id': '2164202', 'name': '164202 (2004 EW)', 'nasa_jpl_url': 'http://ssd.jpl.nasa.gov/sbdb.cgi?sstr=2164202', 'absolute_magnitude_h': 20.8, 'estimated_diameter': {'kilometers': {'estimated_diameter_min': 0.1838886721, 'estimated_diameter_max': 0.411187571}, 'meters': {'estimated_diameter_min': 183.8886720703, 'estimated_diameter_max': 411.1875710413}, 'miles': {'estimated_diameter_min': 0.1142630881, 'estimated_diameter_max': 0.2555000322}, 'feet': {'estimated_diameter_min': 603.309310875, 'estimated_diameter_max': 1349.040630575}}, 'is_potentially_hazardous_asteroid': True, 'close_approach_data': [{'close_approach_date': '2016-07-06', 'close_approach_date_full': '2016-Jul-06 09:25', 'epoch_date_close_approach': 1467797100000, 'relative_velocity': {'kilometers_per_second': '12.0130826082', 'kilometers_per_hour': '43247.0973893976', 'miles_per_hour': '26872.0644862065'}, 'miss_distance': {'astronomical': '0.142608323', 'lunar': '55.474637647', 'kilometers': '21333901.36507201', 'miles': '13256271.606773338'}, 'orbiting_body': 'Earth'}], 'is_sentry_object': False}","
","{'links': {'self': 'http://www.neowsapp.com/rest/v1/neo/2357022?api_key=T37yOH5Ncj3JKDu9txRWw2wEKgAeghI1JX2HRqZb'}, 'id': '2357022', 'neo_reference_id': '2357022', 'name': '357022 (1999 YG3)', 'nasa_jpl_url': 'http://ssd.jpl.nasa.gov/sbdb.cgi?sstr=2357022', 'absolute_magnitude_h': 19.05, 'estimated_diameter': {'kilometers': {'estimated_diameter_min': 0.4116754573, 'estimated_diameter_max': 0.9205343072}, 'meters': {'estimated_diameter_min': 411.6754573069, 'estimated_diameter_max': 920.5343072066}, 'miles': {'estimated_diameter_min': 0.2558031906, 'estimated_diameter_max': 0.571993323}, 'feet': {'estimated_diameter_min': 1350.6413073509, 'estimated_diameter_max': 3020.1257764558}}, 'is_potentially_hazardous_asteroid': True, 'close_approach_data': [{'close_approach_date': '2016-07-06', 'close_approach_date_full': '2016-Jul-06 23:24', 'epoch_date_close_approach': 1467847440000, 'relative_velocity': {'kilometers_per_second': '17.0425431241', 'kilometers_per_hour': '61353.1552467398', 'miles_per_hour': '38122.4647142868'}, 'miss_distance': {'astronomical': '0.3191614363', 'lunar': '124.1537987207', 'kilometers': '47745871.056620681', 'miles': '29667908.5553841578'}, 'orbiting_body': 'Earth'}], 'is_sentry_object': False}","
","{'links': {'self': 'http://www.neowsapp.com/rest/v1/neo/2418849?api_key=T37yOH5Ncj3JKDu9txRWw2wEKgAeghI1JX2HRqZb'}, 'id': '2418849', 'neo_reference_id': '2418849', 'name': '418849 (2008 WM64)', 'nasa_jpl_url': 'http://ssd.jpl.nasa.gov/sbdb.cgi?sstr=2418849', 'absolute_magnitude_h': 20.47, 'estimated_diameter': {'kilometers': {'estimated_diameter_min': 0.2140695897, 'estimated_diameter_max': 0.4786741544}, 'meters': {'estimated_diameter_min': 214.0695896707, 'estimated_diameter_max': 478.6741544192}, 'miles': {'estimated_diameter_min': 0.133016635, 'estimated_diameter_max': 0.297434238}, 'feet': {'estimated_diameter_min': 702.3280725753, 'estimated_diameter_max': 1570.4533127847}}, 'is_potentially_hazardous_asteroid': True, 'close_approach_data': [{'close_approach_date': '2016-07-07', 'close_approach_date_full': '2016-Jul-07 05:44', 'epoch_date_close_approach': 1467870240000, 'relative_velocity': {'kilometers_per_second': '18.4333056164', 'kilometers_per_hour': '66359.9002189817', 'miles_per_hour': '41233.4613332889'}, 'miss_distance': {'astronomical': '0.3287192569', 'lunar': '127.8717909341', 'kilometers': '49175700.660222803', 'miles': '30556363.4728605614'}, 'orbiting_body': 'Earth'}], 'is_sentry_object': False}","
","{'links': {'self': 'http://www.neowsapp.com/rest/v1/neo/3797861?api_key=T37yOH5Ncj3JKDu9txRWw2wEKgAeghI1JX2HRqZb'}, 'id': '3797861', 'neo_reference_id': '3797861', 'name': '(2018 BM3)', 'nasa_jpl_url': 'http://ssd.jpl.nasa.gov/sbdb.cgi?sstr=3797861', 'absolute_magnitude_h': 21.9, 'estimated_diameter': {'kilometers': {'estimated_diameter_min': 0.1108038821, 'estimated_diameter_max': 0.2477650126}, 'meters': {'estimated_diameter_min': 110.8038821264, 'estimated_diameter_max': 247.7650126055}, 'miles': {'estimated_diameter_min': 0.068850319, 'estimated_diameter_max': 0.1539539936}, 'feet': {'estimated_diameter_min': 363.5298086356, 'estimated_diameter_max': 812.8773639568}}, 'is_potentially_hazardous_asteroid': True, 'close_approach_data': [{'close_approach_date': '2016-07-07', 'close_approach_date_full': '2016-Jul-07 14:37', 'epoch_date_close_approach': 1467902220000, 'relative_velocity': {'kilometers_per_second': '15.7604807159', 'kilometers_per_hour': '56737.7305771594', 'miles_per_hour': '35254.6193133466'}, 'miss_distance': {'astronomical': '0.3192420224', 'lunar': '124.1851467136', 'kilometers': '47757926.565532288', 'miles': '29675399.5012620544'}, 'orbiting_body': 'Earth'}], 'is_sentry_object': False}","
","{'links': {'self': 'http://www.neowsapp.com/rest/v1/neo/2152671?api_key=T37yOH5Ncj3JKDu9txRWw2wEKgAeghI1JX2HRqZb'}, 'id': '2152671', 'neo_reference_id': '2152671', 'name': '152671 (1998 HL3)', 'nasa_jpl_url': 'http://ssd.jpl.nasa.gov/sbdb.cgi?sstr=2152671', 'absolute_magnitude_h': 20.23, 'estimated_diameter': {'kilometers': {'estimated_diameter_min': 0.2390864572, 'estimated_diameter_max': 0.5346135707}, 'meters': {'estimated_diameter_min': 239.0864571707, 'estimated_diameter_max': 534.6135707332}, 'miles': {'estimated_diameter_min': 0.148561391, 'estimated_diameter_max': 0.3321933691}, 'feet': {'estimated_diameter_min': 784.4044121439, 'estimated_diameter_max': 1753.9815874044}}, 'is_potentially_hazardous_asteroid': True, 'close_approach_data': [{'close_approach_date': '2016-07-08', 'close_approach_date_full': '2016-Jul-08 03:04', 'epoch_date_close_approach': 1467947040000, 'relative_velocity': {'kilometers_per_second': '7.3674136138', 'kilometers_per_hour': '26522.6890098297', 'miles_per_hour': '16480.1675128022'}, 'miss_distance': {'astronomical': '0.1984705861', 'lunar': '77.2050579929', 'kilometers': '29690776.938211607', 'miles': '18448993.2982178966'}, 'orbiting_body': 'Earth'}], 'is_sentry_object': False}","
","{'links': {'self': 'http://www.neowsapp.com/rest/v1/neo/2189040?api_key=T37yOH5Ncj3JKDu9txRWw2wEKgAeghI1JX2HRqZb'}, 'id': '2189040', 'neo_reference_id': '2189040', 'name': '189040 (2000 MU1)', 'nasa_jpl_url': 'http://ssd.jpl.nasa.gov/sbdb.cgi?sstr=2189040', 'absolute_magnitude_h': 19.88, 'estimated_diameter': {'kilometers': {'estimated_diameter_min': 0.2809020939, 'estimated_diameter_max': 0.6281161771}, 'meters': {'estimated_diameter_min': 280.902093949, 'estimated_diameter_max': 628.116177092}, 'miles': {'estimated_diameter_min': 0.174544415, 'estimated_diameter_max': 0.3902931771}, 'feet': {'estimated_diameter_min': 921.5948259116, 'estimated_diameter_max': 2060.7486784504}}, 'is_potentially_hazardous_asteroid': True, 'close_approach_data': [{'close_approach_date': '2016-07-10', 'close_approach_date_full': '2016-Jul-10 07:56', 'epoch_date_close_approach': 1468137360000, 'relative_velocity': {'kilometers_per_second': '22.7148947221', 'kilometers_per_hour': '81773.6209996241', 'miles_per_hour': '50810.9480039053'}, 'miss_distance': {'astronomical': '0.4432091794', 'lunar': '172.4083707866', 'kilometers': '66303149.202687878', 'miles': '41198866.4977255964'}, 'orbiting_body': 'Earth'}], 'is_sentry_object': False}","
","{'links': {'self': 'http://www.neowsapp.com/rest/v1/neo/3672669?api_key=T37yOH5Ncj3JKDu9txRWw2wEKgAeghI1JX2HRqZb'}, 'id': '3672669', 'neo_reference_id': '3672669', 'name': '(2014 KZ45)', 'nasa_jpl_url': 'http://ssd.jpl.nasa.gov/sbdb.cgi?sstr=3672669', 'absolute_magnitude_h': 20.3, 'estimated_diameter': {'kilometers': {'estimated_diameter_min': 0.2315021222, 'estimated_diameter_max': 0.5176544822}, 'meters': {'estimated_diameter_min': 231.5021222103, 'estimated_diameter_max': 517.6544821978}, 'miles': {'estimated_diameter_min': 0.1438487052, 'estimated_diameter_max': 0.3216554833}, 'feet': {'estimated_diameter_min': 759.5214226325, 'estimated_diameter_max': 1698.3415313737}}, 'is_potentially_hazardous_asteroid': True, 'close_approach_data': [{'close_approach_date': '2016-07-10', 'close_approach_date_full': '2016-Jul-10 11:09', 'epoch_date_close_approach': 1468148940000, 'relative_velocity': {'kilometers_per_second': '16.2270785402', 'kilometers_per_hour': '58417.4827446217', 'miles_per_hour': '36298.3519865123'}, 'miss_distance': {'astronomical': '0.1886096138', 'lunar': '73.3691397682', 'kilometers': '28215596.486002606', 'miles': '17532358.6701277228'}, 'orbiting_body': 'Earth'}], 'is_sentry_object': False}","
","{'links': {'self': 'http://www.neowsapp.com/rest/v1/neo/2471323?api_key=T37yOH5Ncj3JKDu9txRWw2wEKgAeghI1JX2HRqZb'}, 'id': '2471323', 'neo_reference_id': '2471323', 'name': '471323 (2011 KW15)', 'nasa_jpl_url': 'http://ssd.jpl.nasa.gov/sbdb.cgi?sstr=2471323', 'absolute_magnitude_h': 19.39, 'estimated_diameter': {'kilometers': {'estimated_diameter_min': 0.3520099801, 'estimated_diameter_max': 0.7871182442}, 'meters': {'estimated_diameter_min': 352.0099800547, 'estimated_diameter_max': 787.1182441607}, 'miles': {'estimated_diameter_min': 0.2187287933, 'estimated_diameter_max': 0.4890924505}, 'feet': {'estimated_diameter_min': 1154.8884229628, 'estimated_diameter_max': 2582.4090201723}}, 'is_potentially_hazardous_asteroid': True, 'close_approach_data': [{'close_approach_date': '2016-07-14', 'close_approach_date_full': '2016-Jul-14 14:27', 'epoch_date_close_approach': 1468506420000, 'relative_velocity': {'kilometers_per_second': '13.9487982802', 'kilometers_per_hour': '50215.6738085983', 'miles_per_hour': '31202.0668729038'}, 'miss_distance': {'astronomical': '0.2700128911', 'lunar': '105.0350146379', 'kilometers': '40393353.381101957', 'miles': '25099265.9225907266'}, 'orbiting_body': 'Earth'}], 'is_sentry_object': False}","
","{'links': {'self': 'http://www.neowsapp.com/rest/v1/neo/3367027?api_key=T37yOH5Ncj3JKDu9txRWw2wEKgAeghI1JX2HRqZb'}, 'id': '3367027', 'neo_reference_id': '3367027', 'name': '(2007 BJ29)', 'nasa_jpl_url': 'http://ssd.jpl.nasa.gov/sbdb.cgi?sstr=3367027', 'absolute_magnitude_h': 18.7, 'estimated_diameter': {'kilometers': {'estimated_diameter_min': 0.4836764882, 'estimated_diameter_max': 1.0815335068}, 'meters': {'estimated_diameter_min': 483.6764882185, 'estimated_diameter_max': 1081.533506775}, 'miles': {'estimated_diameter_min': 0.3005425432, 'estimated_diameter_max': 0.6720335566}, 'feet': {'estimated_diameter_min': 1586.8651696069, 'estimated_diameter_max': 3548.3383903678}}, 'is_potentially_hazardous_asteroid': True, 'close_approach_data': [{'close_approach_date': '2016-07-14', 'close_approach_date_full': '2016-Jul-14 11:26', 'epoch_date_close_approach': 1468495560000, 'relative_velocity': {'kilometers_per_second': '18.1156093539', 'kilometers_per_hour': '65216.1936741102', 'miles_per_hour': '40522.8065637825'}, 'miss_distance': {'astronomical': '0.4852988356', 'lunar': '188.7812470484', 'kilometers': '72599672.119240172', 'miles': '45111344.4140594936'}, 'orbiting_body': 'Earth'}], 'is_sentry_object': False}","
","{'links': {'self': 'http://www.neowsapp.com/rest/v1/neo/3621700?api_key=T37yOH5Ncj3JKDu9txRWw2wEKgAeghI1JX2HRqZb'}, 'id': '3621700', 'neo_reference_id': '3621700', 'name': '(2012 YO3)', 'nasa_jpl_url': 'http://ssd.jpl.nasa.gov/sbdb.cgi?sstr=3621700', 'absolute_magnitude_h': 21.2, 'estimated_diameter': {'kilometers': {'estimated_diameter_min': 0.1529519353, 'estimated_diameter_max': 0.3420109247}, 'meters': {'estimated_diameter_min': 152.9519353442, 'estimated_diameter_max': 342.0109247198}, 'miles': {'estimated_diameter_min': 0.095039897, 'estimated_diameter_max': 0.2125156703}, 'feet': {'estimated_diameter_min': 501.8108275547, 'estimated_diameter_max': 1122.0831222578}}, 'is_potentially_hazardous_asteroid': True, 'close_approach_data': [{'close_approach_date': '2016-07-15', 'close_approach_date_full': '2016-Jul-15 10:02', 'epoch_date_close_approach': 1468576920000, 'relative_velocity': {'kilometers_per_second': '28.85972575', 'kilometers_per_hour': '103895.0126998304', 'miles_per_hour': '64556.3205300696'}, 'miss_distance': {'astronomical': '0.4472427061', 'lunar': '173.9774126729', 'kilometers': '66906556.205596007', 'miles': '41573806.2231466166'}, 'orbiting_body': 'Earth'}], 'is_sentry_object': False}","
","{'links': {'self': 'http://www.neowsapp.com/rest/v1/neo/3757411?api_key=T37yOH5Ncj3JKDu9txRWw2wEKgAeghI1JX2HRqZb'}, 'id': '3757411', 'neo_reference_id': '3757411', 'name': '(2016 PZ39)', 'nasa_jpl_url': 'http://ssd.jpl.nasa.gov/sbdb.cgi?sstr=3757411', 'absolute_magnitude_h': 19.4, 'estimated_diameter': {'kilometers': {'estimated_diameter_min': 0.3503926411, 'estimated_diameter_max': 0.7835017643}, 'meters': {'estimated_diameter_min': 350.3926411083, 'estimated_diameter_max': 783.5017643338}, 'miles': {'estimated_diameter_min': 0.2177238258, 'estimated_diameter_max': 0.4868452748}, 'feet': {'estimated_diameter_min': 1149.5821926537, 'estimated_diameter_max': 2570.543928497}}, 'is_potentially_hazardous_asteroid': True, 'close_approach_data': [{'close_approach_date': '2016-07-15', 'close_approach_date_full': '2016-Jul-15 11:27', 'epoch_date_close_approach': 1468582020000, 'relative_velocity': {'kilometers_per_second': '22.1341755483', 'kilometers_per_hour': '79683.0319738807', 'miles_per_hour': '49511.9372839927'}, 'miss_distance': {'astronomical': '0.1097292325', 'lunar': '42.6846714425', 'kilometers': '16415259.458734775', 'miles': '10199969.248798895'}, 'orbiting_body': 'Earth'}], 'is_sentry_object': False}","
","{'links': {'self': 'http://www.neowsapp.com/rest/v1/neo/54106307?api_key=T37yOH5Ncj3JKDu9txRWw2wEKgAeghI1JX2HRqZb'}, 'id': '54106307', 'neo_reference_id': '54106307', 'name': '(2021 BW)', 'nasa_jpl_url': 'http://ssd.jpl.nasa.gov/sbdb.cgi?sstr=54106307', 'absolute_magnitude_h': 20.6, 'estimated_diameter': {'kilometers': {'estimated_diameter_min': 0.2016299194, 'estimated_diameter_max': 0.4508582062}, 'meters': {'estimated_diameter_min': 201.6299194428, 'estimated_diameter_max': 450.8582061718}, 'miles': {'estimated_diameter_min': 0.1252869847, 'estimated_diameter_max': 0.2801502144}, 'feet': {'estimated_diameter_min': 661.5155049046, 'estimated_diameter_max': 1479.1936371367}}, 'is_potentially_hazardous_asteroid': True, 'close_approach_data': [{'close_approach_date': '2016-07-15', 'close_approach_date_full': '2016-Jul-15 05:06', 'epoch_date_close_approach': 1468559160000, 'relative_velocity': {'kilometers_per_second': '34.1059847181', 'kilometers_per_hour': '122781.5449851089', 'miles_per_hour': '76291.6772158861'}, 'miss_distance': {'astronomical': '0.4275471658', 'lunar': '166.3158474962', 'kilometers': '63960145.328216846', 'miles': '39742991.3999546348'}, 'orbiting_body': 'Earth'}], 'is_sentry_object': False}","
","{'links': {'self': 'http://www.neowsapp.com/rest/v1/neo/2487577?api_key=T37yOH5Ncj3JKDu9txRWw2wEKgAeghI1JX2HRqZb'}, 'id': '2487577', 'neo_reference_id': '2487577', 'name': '487577 (2014 YQ15)', 'nasa_jpl_url': 'http://ssd.jpl.nasa.gov/sbdb.cgi?sstr=2487577', 'absolute_magnitude_h': 21.2, 'estimated_diameter': {'kilometers': {'estimated_diameter_min': 0.1529519353, 'estimated_diameter_max': 0.3420109247}, 'meters': {'estimated_diameter_min': 152.9519353442, 'estimated_diameter_max': 342.0109247198}, 'miles': {'estimated_diameter_min': 0.095039897, 'estimated_diameter_max': 0.2125156703}, 'feet': {'estimated_diameter_min': 501.8108275547, 'estimated_diameter_max': 1122.0831222578}}, 'is_potentially_hazardous_asteroid': True, 'close_approach_data': [{'close_approach_date': '2016-07-16', 'close_approach_date_full': '2016-Jul-16 03:21', 'epoch_date_close_approach': 1468639260000, 'relative_velocity': {'kilometers_per_second': '9.0483465309', 'kilometers_per_hour': '32574.0475112813', 'miles_per_hour': '20240.2463549959'}, 'miss_distance': {'astronomical': '0.2673182136', 'lunar': '103.9867850904', 'kilometers': '39990235.366765032', 'miles': '24848780.0036681616'}, 'orbiting_body': 'Earth'}], 'is_sentry_object': False}","
","{'links': {'self': 'http://www.neowsapp.com/rest/v1/neo/2523808?api_key=T37yOH5Ncj3JKDu9txRWw2wEKgAeghI1JX2HRqZb'}, 'id': '2523808', 'neo_reference_id': '2523808', 'name': '523808 (2007 ML24)', 'nasa_jpl_url': 'http://ssd.jpl.nasa.gov/sbdb.cgi?sstr=2523808', 'absolute_magnitude_h': 19.3, 'estimated_diameter': {'kilometers': {'estimated_diameter_min': 0.3669061375, 'estimated_diameter_max': 0.8204270649}, 'meters': {'estimated_diameter_min': 366.9061375314, 'estimated_diameter_max': 820.4270648822}, 'miles': {'estimated_diameter_min': 0.2279848336, 'estimated_diameter_max': 0.5097895857}, 'feet': {'estimated_diameter_min': 1203.7603322587, 'estimated_diameter_max': 2691.6899315481}}, 'is_potentially_hazardous_asteroid': True, 'close_approach_data': [{'close_approach_date': '2016-07-16', 'close_approach_date_full': '2016-Jul-16 14:23', 'epoch_date_close_approach': 1468678980000, 'relative_velocity': {'kilometers_per_second': '26.6113930737', 'kilometers_per_hour': '95801.0150653906', 'miles_per_hour': '59527.0251666034'}, 'miss_distance': {'astronomical': '0.4680721122', 'lunar': '182.0800516458', 'kilometers': '70022590.991521014', 'miles': '43510020.4556734332'}, 'orbiting_body': 'Earth'}], 'is_sentry_object': False}","
","{'links': {'self': 'http://www.neowsapp.com/rest/v1/neo/3370167?api_key=T37yOH5Ncj3JKDu9txRWw2wEKgAeghI1JX2HRqZb'}, 'id': '3370167', 'neo_reference_id': '3370167', 'name': '(2007 EF)', 'nasa_jpl_url': 'http://ssd.jpl.nasa.gov/sbdb.cgi?sstr=3370167', 'absolute_magnitude_h': 21.4, 'estimated_diameter': {'kilometers': {'estimated_diameter_min': 0.1394938229, 'estimated_diameter_max': 0.3119176705}, 'meters': {'estimated_diameter_min': 139.4938229344, 'estimated_diameter_max': 311.9176705226}, 'miles': {'estimated_diameter_min': 0.0866774163, 'estimated_diameter_max': 0.1938165949}, 'feet': {'estimated_diameter_min': 457.6569140361, 'estimated_diameter_max': 1023.3519701574}}, 'is_potentially_hazardous_asteroid': True, 'close_approach_data': [{'close_approach_date': '2016-07-16', 'close_approach_date_full': '2016-Jul-16 21:27', 'epoch_date_close_approach': 1468704420000, 'relative_velocity': {'kilometers_per_second': '15.643726245', 'kilometers_per_hour': '56317.4144819737', 'miles_per_hour': '34993.4512374242'}, 'miss_distance': {'astronomical': '0.3952116876', 'lunar': '153.7373464764', 'kilometers': '59122826.664065412', 'miles': '36737220.9614782056'}, 'orbiting_body': 'Earth'}], 'is_sentry_object': False}","
","{'links': {'self': 'http://www.neowsapp.com/rest/v1/neo/2613726?api_key=T37yOH5Ncj3JKDu9txRWw2wEKgAeghI1JX2HRqZb'}, 'id': '2613726', 'neo_reference_id': '2613726', 'name': '613726 (2007 EF)', 'nasa_jpl_url': 'http://ssd.jpl.nasa.gov/sbdb.cgi?sstr=2613726', 'absolute_magnitude_h': 21.34, 'estimated_diameter': {'kilometers': {'estimated_diameter_min': 0.1434019235, 'estimated_diameter_max': 0.320656449}, 'meters': {'estimated_diameter_min': 143.4019234645, 'estimated_diameter_max': 320.6564489709}, 'miles': {'estimated_diameter_min': 0.0891057966, 'estimated_diameter_max': 0.1992466184}, 'feet': {'estimated_diameter_min': 470.4787665793, 'estimated_diameter_max': 1052.0225040417}}, 'is_potentially_hazardous_asteroid': True, 'close_approach_data': [{'close_approach_date': '2016-07-16', 'close_approach_date_full': '2016-Jul-16 21:27', 'epoch_date_close_approach': 1468704420000, 'relative_velocity': {'kilometers_per_second': '15.6437266502', 'kilometers_per_hour': '56317.4159406725', 'miles_per_hour': '34993.4521438029'}, 'miss_distance': {'astronomical': '0.3952116877', 'lunar': '153.7373465153', 'kilometers': '59122826.679025199', 'miles': '36737220.9707737862'}, 'orbiting_body': 'Earth'}], 'is_sentry_object': False}","
","{'links': {'self': 'http://www.neowsapp.com/rest/v1/neo/2439437?api_key=T37yOH5Ncj3JKDu9txRWw2wEKgAeghI1JX2HRqZb'}, 'id': '2439437', 'neo_reference_id': '2439437', 'name': '439437 (2013 NK4)', 'nasa_jpl_url': 'http://ssd.jpl.nasa.gov/sbdb.cgi?sstr=2439437', 'absolute_magnitude_h': 18.7, 'estimated_diameter': {'kilometers': {'estimated_diameter_min': 0.4836764882, 'estimated_diameter_max': 1.0815335068}, 'meters': {'estimated_diameter_min': 483.6764882185, 'estimated_diameter_max': 1081.533506775}, 'miles': {'estimated_diameter_min': 0.3005425432, 'estimated_diameter_max': 0.6720335566}, 'feet': {'estimated_diameter_min': 1586.8651696069, 'estimated_diameter_max': 3548.3383903678}}, 'is_potentially_hazardous_asteroid': True, 'close_approach_data': [{'close_approach_date': '2016-07-17', 'close_approach_date_full': '2016-Jul-17 20:55', 'epoch_date_close_approach': 1468788900000, 'relative_velocity': {'kilometers_per_second': '12.1073923044', 'kilometers_per_hour': '43586.612295719', 'miles_per_hour': '27083.0258456372'}, 'miss_distance': {'astronomical': '0.4737282209', 'lunar': '184.2802779301', 'kilometers': '70868732.805529483', 'miles': '44035788.5987055454'}, 'orbiting_body': 'Earth'}], 'is_sentry_object': False}","
","{'links': {'self': 'http://www.neowsapp.com/rest/v1/neo/3421513?api_key=T37yOH5Ncj3JKDu9txRWw2wEKgAeghI1JX2HRqZb'}, 'id': '3421513', 'neo_reference_id': '3421513', 'name': '(2008 OX1)', 'nasa_jpl_url': 'http://ssd.jpl.nasa.gov/sbdb.cgi?sstr=3421513', 'absolute_magnitude_h': 21.5, 'estimated_diameter': {'kilometers': {'estimated_diameter_min': 0.1332155667, 'estimated_diameter_max': 0.2978790628}, 'meters': {'estimated_diameter_min': 133.2155666981, 'estimated_diameter_max': 297.8790627982}, 'miles': {'estimated_diameter_min': 0.0827762899, 'estimated_diameter_max': 0.1850934111}, 'feet': {'estimated_diameter_min': 437.0589598459, 'estimated_diameter_max': 977.2935443908}}, 'is_potentially_hazardous_asteroid': True, 'close_approach_data': [{'close_approach_date': '2016-07-17', 'close_approach_date_full': '2016-Jul-17 04:40', 'epoch_date_close_approach': 1468730400000, 'relative_velocity': {'kilometers_per_second': '15.0468074122', 'kilometers_per_hour': '54168.5066839434', 'miles_per_hour': '33658.2035003647'}, 'miss_distance': {'astronomical': '0.3372697702', 'lunar': '131.1979406078', 'kilometers': '50454839.237309474', 'miles': '31351183.3283757812'}, 'orbiting_body': 'Earth'}], 'is_sentry_object': False}","
","{'links': {'self': 'http://www.neowsapp.com/rest/v1/neo/2138404?api_key=T37yOH5Ncj3JKDu9txRWw2wEKgAeghI1JX2HRqZb'}, 'id': '2138404', 'neo_reference_id': '2138404', 'name': '138404 (2000 HA24)', 'nasa_jpl_url': 'http://ssd.jpl.nasa.gov/sbdb.cgi?sstr=2138404', 'absolute_magnitude_h': 19.36, 'estimated_diameter': {'kilometers': {'estimated_diameter_min': 0.3569069267, 'estimated_diameter_max': 0.7980681497}, 'meters': {'estimated_diameter_min': 356.9069266704, 'estimated_diameter_max': 798.0681496756}, 'miles': {'estimated_diameter_min': 0.2217716139, 'estimated_diameter_max': 0.4958964042}, 'feet': {'estimated_diameter_min': 1170.9545212975, 'estimated_diameter_max': 2618.3339081818}}, 'is_potentially_hazardous_asteroid': True, 'close_approach_data': [{'close_approach_date': '2016-07-18', 'close_approach_date_full': '2016-Jul-18 06:53', 'epoch_date_close_approach': 1468824780000, 'relative_velocity': {'kilometers_per_second': '8.715905866', 'kilometers_per_hour': '31377.2611174776', 'miles_per_hour': '19496.6098315793'}, 'miss_distance': {'astronomical': '0.4508720136', 'lunar': '175.3892132904', 'kilometers': '67449492.877171032', 'miles': '41911171.4270309616'}, 'orbiting_body': 'Earth'}], 'is_sentry_object': False}","
","{'links': {'self': 'http://www.neowsapp.com/rest/v1/neo/3831884?api_key=T37yOH5Ncj3JKDu9txRWw2wEKgAeghI1JX2HRqZb'}, 'id': '3831884', 'neo_reference_id': '3831884', 'name': '(2018 UY)', 'nasa_jpl_url': 'http://ssd.jpl.nasa.gov/sbdb.cgi?sstr=3831884', 'absolute_magnitude_h': 20.6, 'estimated_diameter': {'kilometers': {'estimated_diameter_min': 0.2016299194, 'estimated_diameter_max': 0.4508582062}, 'meters': {'estimated_diameter_min': 201.6299194428, 'estimated_diameter_max': 450.8582061718}, 'miles': {'estimated_diameter_min': 0.1252869847, 'estimated_diameter_max': 0.2801502144}, 'feet': {'estimated_diameter_min': 661.5155049046, 'estimated_diameter_max': 1479.1936371367}}, 'is_potentially_hazardous_asteroid': True, 'close_approach_data': [{'close_approach_date': '2016-07-18', 'close_approach_date_full': '2016-Jul-18 12:30', 'epoch_date_close_approach': 1468845000000, 'relative_velocity': {'kilometers_per_second': '20.4542663658', 'kilometers_per_hour': '73635.3589168818', 'miles_per_hour': '45754.1484336591'}, 'miss_distance': {'astronomical': '0.1372223423', 'lunar': '53.3794911547', 'kilometers': '20528170.124490901', 'miles': '12755613.4297043938'}, 'orbiting_body': 'Earth'}], 'is_sentry_object': False}","
","{'links': {'self': 'http://www.neowsapp.com/rest/v1/neo/3754438?api_key=T37yOH5Ncj3JKDu9txRWw2wEKgAeghI1JX2HRqZb'}, 'id': '3754438', 'neo_reference_id': '3754438', 'name': '(2016 NG15)', 'nasa_jpl_url': 'http://ssd.jpl.nasa.gov/sbdb.cgi?sstr=3754438', 'absolute_magnitude_h': 20.62, 'estimated_diameter': {'kilometers': {'estimated_diameter_min': 0.1997813652, 'estimated_diameter_max': 0.4467247133}, 'meters': {'estimated_diameter_min': 199.78136523, 'estimated_diameter_max': 446.7247132921}, 'miles': {'estimated_diameter_min': 0.1241383467, 'estimated_diameter_max': 0.2775817818}, 'feet': {'estimated_diameter_min': 655.4506943013, 'estimated_diameter_max': 1465.6323083572}}, 'is_potentially_hazardous_asteroid': True, 'close_approach_data': [{'close_approach_date': '2016-07-20', 'close_approach_date_full': '2016-Jul-20 06:15', 'epoch_date_close_approach': 1468995300000, 'relative_velocity': {'kilometers_per_second': '14.4247610735', 'kilometers_per_hour': '51929.1398647634', 'miles_per_hour': '32266.7480454137'}, 'miss_distance': {'astronomical': '0.3035705161', 'lunar': '118.0889307629', 'kilometers': '45413502.603360707', 'miles': '28218642.0019114766'}, 'orbiting_body': 'Earth'}], 'is_sentry_object': False}","
","{'links': {'self': 'http://www.neowsapp.com/rest/v1/neo/54161318?api_key=T37yOH5Ncj3JKDu9txRWw2wEKgAeghI1JX2HRqZb'}, 'id': '54161318', 'neo_reference_id': '54161318', 'name': '(2021 MJ)', 'nasa_jpl_url': 'http://ssd.jpl.nasa.gov/sbdb.cgi?sstr=54161318', 'absolute_magnitude_h': 20.45, 'estimated_diameter': {'kilometers': {'estimated_diameter_min': 0.2160503512, 'estimated_diameter_max': 0.4831032718}, 'meters': {'estimated_diameter_min': 216.0503511964, 'estimated_diameter_max': 483.1032718379}, 'miles': {'estimated_diameter_min': 0.1342474228, 'estimated_diameter_max': 0.3001863631}, 'feet': {'estimated_diameter_min': 708.8266342193, 'estimated_diameter_max': 1584.9845383766}}, 'is_potentially_hazardous_asteroid': True, 'close_approach_data': [{'close_approach_date': '2016-07-20', 'close_approach_date_full': '2016-Jul-20 10:19', 'epoch_date_close_approach': 1469009940000, 'relative_velocity': {'kilometers_per_second': '22.7479730014', 'kilometers_per_hour': '81892.7028052078', 'miles_per_hour': '50884.9408069359'}, 'miss_distance': {'astronomical': '0.4873072003', 'lunar': '189.5625009167', 'kilometers': '72900119.200543361', 'miles': '45298033.5734899418'}, 'orbiting_body': 'Earth'}], 'is_sentry_object': False}","
","{'links': {'self': 'http://www.neowsapp.com/rest/v1/neo/54161861?api_key=T37yOH5Ncj3JKDu9txRWw2wEKgAeghI1JX2HRqZb'}, 'id': '54161861', 'neo_reference_id': '54161861', 'name': '(2021 MK1)', 'nasa_jpl_url': 'http://ssd.jpl.nasa.gov/sbdb.cgi?sstr=54161861', 'absolute_magnitude_h': 21.32, 'estimated_diameter': {'kilometers': {'estimated_diameter_min': 0.1447288051, 'estimated_diameter_max': 0.3236234466}, 'meters': {'estimated_diameter_min': 144.7288051255, 'estimated_diameter_max': 323.623446563}, 'miles': {'estimated_diameter_min': 0.0899302824, 'estimated_diameter_max': 0.2010902246}, 'feet': {'estimated_diameter_min': 474.832053008, 'estimated_diameter_max': 1061.7567484217}}, 'is_potentially_hazardous_asteroid': True, 'close_approach_data': [{'close_approach_date': '2016-07-20', 'close_approach_date_full': '2016-Jul-20 11:48', 'epoch_date_close_approach': 1469015280000, 'relative_velocity': {'kilometers_per_second': '17.7157502871', 'kilometers_per_hour': '63776.701033672', 'miles_per_hour': '39628.3618172836'}, 'miss_distance': {'astronomical': '0.4533074556', 'lunar': '176.3366002284', 'kilometers': '67813829.812879572', 'miles': '42137559.9011072136'}, 'orbiting_body': 'Earth'}], 'is_sentry_object': False}","
","{'links': {'self': 'http://www.neowsapp.com/rest/v1/neo/2359369?api_key=T37yOH5Ncj3JKDu9txRWw2wEKgAeghI1JX2HRqZb'}, 'id': '2359369', 'neo_reference_id': '2359369', 'name': '359369 (2009 YG)', 'nasa_jpl_url': 'http://ssd.jpl.nasa.gov/sbdb.cgi?sstr=2359369', 'absolute_magnitude_h': 18.4, 'estimated_diameter': {'kilometers': {'estimated_diameter_min': 0.5553349116, 'estimated_diameter_max': 1.2417666126}, 'meters': {'estimated_diameter_min': 555.334911581, 'estimated_diameter_max': 1241.766612574}, 'miles': {'estimated_diameter_min': 0.3450690093, 'estimated_diameter_max': 0.7715977618}, 'feet': {'estimated_diameter_min': 1821.9649913114, 'estimated_diameter_max': 4074.0375731972}}, 'is_potentially_hazardous_asteroid': True, 'close_approach_data': [{'close_approach_date': '2016-07-21', 'close_approach_date_full': '2016-Jul-21 18:41', 'epoch_date_close_approach': 1469126460000, 'relative_velocity': {'kilometers_per_second': '24.8380331466', 'kilometers_per_hour': '89416.9193276286', 'miles_per_hour': '55560.1963455479'}, 'miss_distance': {'astronomical': '0.1725392869', 'lunar': '67.1177826041', 'kilometers': '25811509.811558903', 'miles': '16038528.4804547414'}, 'orbiting_body': 'Earth'}], 'is_sentry_object': False}","
","{'links': {'self': 'http://www.neowsapp.com/rest/v1/neo/3756949?api_key=T37yOH5Ncj3JKDu9txRWw2wEKgAeghI1JX2HRqZb'}, 'id': '3756949', 'neo_reference_id': '3756949', 'name': '(2016 PF8)', 'nasa_jpl_url': 'http://ssd.jpl.nasa.gov/sbdb.cgi?sstr=3756949', 'absolute_magnitude_h': 21.3, 'estimated_diameter': {'kilometers': {'estimated_diameter_min': 0.1460679643, 'estimated_diameter_max': 0.3266178974}, 'meters': {'estimated_diameter_min': 146.0679642714, 'estimated_diameter_max': 326.6178974458}, 'miles': {'estimated_diameter_min': 0.090762397, 'estimated_diameter_max': 0.2029508896}, 'feet': {'estimated_diameter_min': 479.2256199, 'estimated_diameter_max': 1071.581062656}}, 'is_potentially_hazardous_asteroid': True, 'close_approach_data': [{'close_approach_date': '2016-07-21', 'close_approach_date_full': '2016-Jul-21 09:28', 'epoch_date_close_approach': 1469093280000, 'relative_velocity': {'kilometers_per_second': '14.2078756424', 'kilometers_per_hour': '51148.3523127282', 'miles_per_hour': '31781.5970245394'}, 'miss_distance': {'astronomical': '0.1356667805', 'lunar': '52.7743776145', 'kilometers': '20295461.392557535', 'miles': '12611014.928802583'}, 'orbiting_body': 'Earth'}], 'is_sentry_object': False}","
","{'links': {'self': 'http://www.neowsapp.com/rest/v1/neo/3776549?api_key=T37yOH5Ncj3JKDu9txRWw2wEKgAeghI1JX2HRqZb'}, 'id': '3776549', 'neo_reference_id': '3776549', 'name': '(2017 NS5)', 'nasa_jpl_url': 'http://ssd.jpl.nasa.gov/sbdb.cgi?sstr=3776549', 'absolute_magnitude_h': 20.8, 'estimated_diameter': {'kilometers': {'estimated_diameter_min': 0.1838886721, 'estimated_diameter_max': 0.411187571}, 'meters': {'estimated_diameter_min': 183.8886720703, 'estimated_diameter_max': 411.1875710413}, 'miles': {'estimated_diameter_min': 0.1142630881, 'estimated_diameter_max': 0.2555000322}, 'feet': {'estimated_diameter_min': 603.309310875, 'estimated_diameter_max': 1349.040630575}}, 'is_potentially_hazardous_asteroid': True, 'close_approach_data': [{'close_approach_date': '2016-07-21', 'close_approach_date_full': '2016-Jul-21 14:36', 'epoch_date_close_approach': 1469111760000, 'relative_velocity': {'kilometers_per_second': '21.2265935014', 'kilometers_per_hour': '76415.7366051613', 'miles_per_hour': '47481.767003357'}, 'miss_distance': {'astronomical': '0.1732273764', 'lunar': '67.3854494196', 'kilometers': '25914446.535128268', 'miles': '16102490.3945273784'}, 'orbiting_body': 'Earth'}], 'is_sentry_object': False}","
","{'links': {'self': 'http://www.neowsapp.com/rest/v1/neo/2164207?api_key=T37yOH5Ncj3JKDu9txRWw2wEKgAeghI1JX2HRqZb'}, 'id': '2164207', 'neo_reference_id': '2164207', 'name': '164207 (2004 GU9)', 'nasa_jpl_url': 'http://ssd.jpl.nasa.gov/sbdb.cgi?sstr=2164207', 'absolute_magnitude_h': 21.23, 'estimated_diameter': {'kilometers': {'estimated_diameter_min': 0.1508533561, 'estimated_diameter_max': 0.3373183589}, 'meters': {'estimated_diameter_min': 150.8533561176, 'estimated_diameter_max': 337.3183589129}, 'miles': {'estimated_diameter_min': 0.0937359007, 'estimated_diameter_max': 0.209599846}, 'feet': {'estimated_diameter_min': 494.9257248848, 'estimated_diameter_max': 1106.6875646559}}, 'is_potentially_hazardous_asteroid': True, 'close_approach_data': [{'close_approach_date': '2016-07-23', 'close_approach_date_full': '2016-Jul-23 05:12', 'epoch_date_close_approach': 1469250720000, 'relative_velocity': {'kilometers_per_second': '4.7160743876', 'kilometers_per_hour': '16977.8677954973', 'miles_per_hour': '10549.3867977078'}, 'miss_distance': {'astronomical': '0.2672254099', 'lunar': '103.9506844511', 'kilometers': '39976352.130916913', 'miles': '24840153.3609348794'}, 'orbiting_body': 'Earth'}], 'is_sentry_object': False}","
","{'links': {'self': 'http://www.neowsapp.com/rest/v1/neo/2162173?api_key=T37yOH5Ncj3JKDu9txRWw2wEKgAeghI1JX2HRqZb'}, 'id': '2162173', 'neo_reference_id': '2162173', 'name': '162173 Ryugu (1999 JU3)', 'nasa_jpl_url': 'http://ssd.jpl.nasa.gov/sbdb.cgi?sstr=2162173', 'absolute_magnitude_h': 19.38, 'estimated_diameter': {'kilometers': {'estimated_diameter_min': 0.3536347843, 'estimated_diameter_max': 0.7907514169}, 'meters': {'estimated_diameter_min': 353.6347842986, 'estimated_diameter_max': 790.7514169001}, 'miles': {'estimated_diameter_min': 0.2197383996, 'estimated_diameter_max': 0.4913499987}, 'feet': {'estimated_diameter_min': 1160.2191457181, 'estimated_diameter_max': 2594.3288786225}}, 'is_potentially_hazardous_asteroid': True, 'close_approach_data': [{'close_approach_date': '2016-07-24', 'close_approach_date_full': '2016-Jul-24 20:22', 'epoch_date_close_approach': 1469391720000, 'relative_velocity': {'kilometers_per_second': '6.771613066', 'kilometers_per_hour': '24377.8070377507', 'miles_per_hour': '15147.4212674291'}, 'miss_distance': {'astronomical': '0.3964141275', 'lunar': '154.2050955975', 'kilometers': '59302709.111908425', 'miles': '36848994.731549265'}, 'orbiting_body': 'Earth'}], 'is_sentry_object': False}","
","{'links': {'self': 'http://www.neowsapp.com/rest/v1/neo/3285304?api_key=T37yOH5Ncj3JKDu9txRWw2wEKgAeghI1JX2HRqZb'}, 'id': '3285304', 'neo_reference_id': '3285304', 'name': '(2005 OD3)', 'nasa_jpl_url': 'http://ssd.jpl.nasa.gov/sbdb.cgi?sstr=3285304', 'absolute_magnitude_h': 21.2, 'estimated_diameter': {'kilometers': {'estimated_diameter_min': 0.1529519353, 'estimated_diameter_max': 0.3420109247}, 'meters': {'estimated_diameter_min': 152.9519353442, 'estimated_diameter_max': 342.0109247198}, 'miles': {'estimated_diameter_min': 0.095039897, 'estimated_diameter_max': 0.2125156703}, 'feet': {'estimated_diameter_min': 501.8108275547, 'estimated_diameter_max': 1122.0831222578}}, 'is_potentially_hazardous_asteroid': True, 'close_approach_data': [{'close_approach_date': '2016-07-24', 'close_approach_date_full': '2016-Jul-24 07:27', 'epoch_date_close_approach': 1469345220000, 'relative_velocity': {'kilometers_per_second': '21.6544966841', 'kilometers_per_hour': '77956.1880628669', 'miles_per_hour': '48438.9436327297'}, 'miss_distance': {'astronomical': '0.314006142', 'lunar': '122.148389238', 'kilometers': '46974650.01011754', 'miles': '29188694.018560452'}, 'orbiting_body': 'Earth'}], 'is_sentry_object': False}","
","{'links': {'self': 'http://www.neowsapp.com/rest/v1/neo/3621805?api_key=T37yOH5Ncj3JKDu9txRWw2wEKgAeghI1JX2HRqZb'}, 'id': '3621805', 'neo_reference_id': '3621805', 'name': '(2012 YY6)', 'nasa_jpl_url': 'http://ssd.jpl.nasa.gov/sbdb.cgi?sstr=3621805', 'absolute_magnitude_h': 21.3, 'estimated_diameter': {'kilometers': {'estimated_diameter_min': 0.1460679643, 'estimated_diameter_max': 0.3266178974}, 'meters': {'estimated_diameter_min': 146.0679642714, 'estimated_diameter_max': 326.6178974458}, 'miles': {'estimated_diameter_min': 0.090762397, 'estimated_diameter_max': 0.2029508896}, 'feet': {'estimated_diameter_min': 479.2256199, 'estimated_diameter_max': 1071.581062656}}, 'is_potentially_hazardous_asteroid': True, 'close_approach_data': [{'close_approach_date': '2016-07-24', 'close_approach_date_full': '2016-Jul-24 09:39', 'epoch_date_close_approach': 1469353140000, 'relative_velocity': {'kilometers_per_second': '21.1591254722', 'kilometers_per_hour': '76172.8517000554', 'miles_per_hour': '47330.8477688483'}, 'miss_distance': {'astronomical': '0.4781604317', 'lunar': '186.0044079313', 'kilometers': '71531782.100600479', 'miles': '44447788.3259814502'}, 'orbiting_body': 'Earth'}], 'is_sentry_object': False}","
","{'links': {'self': 'http://www.neowsapp.com/rest/v1/neo/2471241?api_key=T37yOH5Ncj3JKDu9txRWw2wEKgAeghI1JX2HRqZb'}, 'id': '2471241', 'neo_reference_id': '2471241', 'name': '471241 (2011 BX18)', 'nasa_jpl_url': 'http://ssd.jpl.nasa.gov/sbdb.cgi?sstr=2471241', 'absolute_magnitude_h': 18.24, 'estimated_diameter': {'kilometers': {'estimated_diameter_min': 0.5977987142, 'estimated_diameter_max': 1.3367185619}, 'meters': {'estimated_diameter_min': 597.7987142312, 'estimated_diameter_max': 1336.7185618828}, 'miles': {'estimated_diameter_min': 0.3714547849, 'estimated_diameter_max': 0.8305981495}, 'feet': {'estimated_diameter_min': 1961.2819335981, 'estimated_diameter_max': 4385.5597265676}}, 'is_potentially_hazardous_asteroid': True, 'close_approach_data': [{'close_approach_date': '2016-07-25', 'close_approach_date_full': '2016-Jul-25 17:50', 'epoch_date_close_approach': 1469469000000, 'relative_velocity': {'kilometers_per_second': '16.234467186', 'kilometers_per_hour': '58444.0818696508', 'miles_per_hour': '36314.8796483949'}, 'miss_distance': {'astronomical': '0.1353062881', 'lunar': '52.6341460709', 'kilometers': '20241532.497366347', 'miles': '12577505.0672037086'}, 'orbiting_body': 'Earth'}], 'is_sentry_object': False}","
","{'links': {'self': 'http://www.neowsapp.com/rest/v1/neo/3423024?api_key=T37yOH5Ncj3JKDu9txRWw2wEKgAeghI1JX2HRqZb'}, 'id': '3423024', 'neo_reference_id': '3423024', 'name': '(2008 PF1)', 'nasa_jpl_url': 'http://ssd.jpl.nasa.gov/sbdb.cgi?sstr=3423024', 'absolute_magnitude_h': 22.0, 'estimated_diameter': {'kilometers': {'estimated_diameter_min': 0.1058168859, 'estimated_diameter_max': 0.2366137501}, 'meters': {'estimated_diameter_min': 105.8168859331, 'estimated_diameter_max': 236.6137501138}, 'miles': {'estimated_diameter_min': 0.0657515442, 'estimated_diameter_max': 0.1470249225}, 'feet': {'estimated_diameter_min': 347.1682720448, 'estimated_diameter_max': 776.2918559233}}, 'is_potentially_hazardous_asteroid': True, 'close_approach_data': [{'close_approach_date': '2016-07-25', 'close_approach_date_full': '2016-Jul-25 08:59', 'epoch_date_close_approach': 1469437140000, 'relative_velocity': {'kilometers_per_second': '27.7535037043', 'kilometers_per_hour': '99912.6133353259', 'miles_per_hour': '62081.8124360529'}, 'miss_distance': {'astronomical': '0.4576659437', 'lunar': '178.0320520993', 'kilometers': '68465850.349059919', 'miles': '42542706.6753841222'}, 'orbiting_body': 'Earth'}], 'is_sentry_object': False}","
","{'links': {'self': 'http://www.neowsapp.com/rest/v1/neo/3753590?api_key=T37yOH5Ncj3JKDu9txRWw2wEKgAeghI1JX2HRqZb'}, 'id': '3753590', 'neo_reference_id': '3753590', 'name': '(2016 JT38)', 'nasa_jpl_url': 'http://ssd.jpl.nasa.gov/sbdb.cgi?sstr=3753590', 'absolute_magnitude_h': 20.3, 'estimated_diameter': {'kilometers': {'estimated_diameter_min': 0.2315021222, 'estimated_diameter_max': 0.5176544822}, 'meters': {'estimated_diameter_min': 231.5021222103, 'estimated_diameter_max': 517.6544821978}, 'miles': {'estimated_diameter_min': 0.1438487052, 'estimated_diameter_max': 0.3216554833}, 'feet': {'estimated_diameter_min': 759.5214226325, 'estimated_diameter_max': 1698.3415313737}}, 'is_potentially_hazardous_asteroid': True, 'close_approach_data': [{'close_approach_date': '2016-07-25', 'close_approach_date_full': '2016-Jul-25 19:58', 'epoch_date_close_approach': 1469476680000, 'relative_velocity': {'kilometers_per_second': '12.5572596593', 'kilometers_per_hour': '45206.1347735246', 'miles_per_hour': '28089.3341319159'}, 'miss_distance': {'astronomical': '0.1810593551', 'lunar': '70.4320891339', 'kilometers': '27086093.866533637', 'miles': '16830518.2871607106'}, 'orbiting_body': 'Earth'}], 'is_sentry_object': False}","
","{'links': {'self': 'http://www.neowsapp.com/rest/v1/neo/2411165?api_key=T37yOH5Ncj3JKDu9txRWw2wEKgAeghI1JX2HRqZb'}, 'id': '2411165', 'neo_reference_id': '2411165', 'name': '411165 (2010 DF1)', 'nasa_jpl_url': 'http://ssd.jpl.nasa.gov/sbdb.cgi?sstr=2411165', 'absolute_magnitude_h': 21.98, 'estimated_diameter': {'kilometers': {'estimated_diameter_min': 0.1067959975, 'estimated_diameter_max': 0.2388031102}, 'meters': {'estimated_diameter_min': 106.7959975236, 'estimated_diameter_max': 238.8031101878}, 'miles': {'estimated_diameter_min': 0.0663599358, 'estimated_diameter_max': 0.1483853274}, 'feet': {'estimated_diameter_min': 350.3805805155, 'estimated_diameter_max': 783.4747960285}}, 'is_potentially_hazardous_asteroid': True, 'close_approach_data': [{'close_approach_date': '2016-07-27', 'close_approach_date_full': '2016-Jul-27 01:35', 'epoch_date_close_approach': 1469583300000, 'relative_velocity': {'kilometers_per_second': '11.7751326595', 'kilometers_per_hour': '42390.4775742565', 'miles_per_hour': '26339.7942460707'}, 'miss_distance': {'astronomical': '0.2930840426', 'lunar': '114.0096925714', 'kilometers': '43844748.503949262', 'miles': '27243863.4056213356'}, 'orbiting_body': 'Earth'}], 'is_sentry_object': False}","
","{'links': {'self': 'http://www.neowsapp.com/rest/v1/neo/3757573?api_key=T37yOH5Ncj3JKDu9txRWw2wEKgAeghI1JX2HRqZb'}, 'id': '3757573', 'neo_reference_id': '3757573', 'name': '(2016 OP5)', 'nasa_jpl_url': 'http://ssd.jpl.nasa.gov/sbdb.cgi?sstr=3757573', 'absolute_magnitude_h': 20.8, 'estimated_diameter': {'kilometers': {'estimated_diameter_min': 0.1838886721, 'estimated_diameter_max': 0.411187571}, 'meters': {'estimated_diameter_min': 183.8886720703, 'estimated_diameter_max': 411.1875710413}, 'miles': {'estimated_diameter_min': 0.1142630881, 'estimated_diameter_max': 0.2555000322}, 'feet': {'estimated_diameter_min': 603.309310875, 'estimated_diameter_max': 1349.040630575}}, 'is_potentially_hazardous_asteroid': True, 'close_approach_data': [{'close_approach_date': '2016-07-28', 'close_approach_date_full': '2016-Jul-28 08:21', 'epoch_date_close_approach': 1469694060000, 'relative_velocity': {'kilometers_per_second': '12.9532070699', 'kilometers_per_hour': '46631.5454516281', 'miles_per_hour': '28975.0288946519'}, 'miss_distance': {'astronomical': '0.1400510979', 'lunar': '54.4798770831', 'kilometers': '20951345.937001473', 'miles': '13018562.6864794074'}, 'orbiting_body': 'Earth'}], 'is_sentry_object': False}","
","{'links': {'self': 'http://www.neowsapp.com/rest/v1/neo/3350633?api_key=T37yOH5Ncj3JKDu9txRWw2wEKgAeghI1JX2HRqZb'}, 'id': '3350633', 'neo_reference_id': '3350633', 'name': '(2006 TU7)', 'nasa_jpl_url': 'http://ssd.jpl.nasa.gov/sbdb.cgi?sstr=3350633', 'absolute_magnitude_h': 21.9, 'estimated_diameter': {'kilometers': {'estimated_diameter_min': 0.1108038821, 'estimated_diameter_max': 0.2477650126}, 'meters': {'estimated_diameter_min': 110.8038821264, 'estimated_diameter_max': 247.7650126055}, 'miles': {'estimated_diameter_min': 0.068850319, 'estimated_diameter_max': 0.1539539936}, 'feet': {'estimated_diameter_min': 363.5298086356, 'estimated_diameter_max': 812.8773639568}}, 'is_potentially_hazardous_asteroid': True, 'close_approach_data': [{'close_approach_date': '2016-07-30', 'close_approach_date_full': '2016-Jul-30 10:13', 'epoch_date_close_approach': 1469873580000, 'relative_velocity': {'kilometers_per_second': '23.2004212001', 'kilometers_per_hour': '83521.516320369', 'miles_per_hour': '51897.0221825093'}, 'miss_distance': {'astronomical': '0.3268399674', 'lunar': '127.1407473186', 'kilometers': '48894562.953909438', 'miles': '30381672.6026807244'}, 'orbiting_body': 'Earth'}], 'is_sentry_object': False}","
","{'links': {'self': 'http://www.neowsapp.com/rest/v1/neo/2613569?api_key=T37yOH5Ncj3JKDu9txRWw2wEKgAeghI1JX2HRqZb'}, 'id': '2613569', 'neo_reference_id': '2613569', 'name': '613569 (2006 TU7)', 'nasa_jpl_url': 'http://ssd.jpl.nasa.gov/sbdb.cgi?sstr=2613569', 'absolute_magnitude_h': 21.87, 'estimated_diameter': {'kilometers': {'estimated_diameter_min': 0.1123453177, 'estimated_diameter_max': 0.2512117673}, 'meters': {'estimated_diameter_min': 112.3453176718, 'estimated_diameter_max': 251.2117672679}, 'miles': {'estimated_diameter_min': 0.0698081224, 'estimated_diameter_max': 0.156095707}, 'feet': {'estimated_diameter_min': 368.5870120303, 'estimated_diameter_max': 824.1856145234}}, 'is_potentially_hazardous_asteroid': True, 'close_approach_data': [{'close_approach_date': '2016-07-30', 'close_approach_date_full': '2016-Jul-30 10:13', 'epoch_date_close_approach': 1469873580000, 'relative_velocity': {'kilometers_per_second': '23.2004211978', 'kilometers_per_hour': '83521.5163121549', 'miles_per_hour': '51897.0221774053'}, 'miss_distance': {'astronomical': '0.3268399674', 'lunar': '127.1407473186', 'kilometers': '48894562.953909438', 'miles': '30381672.6026807244'}, 'orbiting_body': 'Earth'}], 'is_sentry_object': False}","
"
